architecture,total_time_s,avg_round_time_s,total_comm_mib,sync_events,final_rmse,notes
OURS,2.128779599996051,0.7095903666728797,0.711273193359375,24,3.479190510346415,真实运行：个性化联邦学习 + FedProx + 自适应 CDP
TEE,0.22186330001568422,0.07395136666794618,0.711273193359375,24,3.356530151538051,真实运行：可信服务器聚合原型，无额外 DP 噪声
HE,10.027881099988008,3.342624633349866,3.2003822326660156,24,3.5516007823701776,真实运行：轻量 Paillier 同态加和聚合原型
MPC,0.26040839997585863,0.0868004666796575,2.4894561767578125,48,3.5176711761180983,真实运行：三方加法秘密分享聚合原型
SPLIT,0.10967029997846112,0.03575009998166934,0.326171875,96,3.27109895627865,真实运行：批次级拆分学习原型，切分点位于第一层共享表示之后
