architecture,total_time_s,avg_round_time_s,total_comm_mib,sync_events,final_rmse,peak_rss_delta_mib,peak_temp_storage_mib,persistent_storage_mib,theory_factor,theory_expr,trust_free_score,deploy_score,personalization_score,federated_compat_score,notes,total_time_s_score,total_comm_mib_score,sync_events_score,peak_temp_storage_mib_score,persistent_storage_mib_score,theory_factor_score,scenario_fitness_score,fitness_rank
OURS,1.9982696000079159,0.6660869666666258,0.711273193359375,24,3.479190510346415,56.05078125,0.1185455322265625,0.04834747314453125,1.0,O(KP),1.0,1.0,1.0,1.0,真实运行：个性化联邦学习 + FedProx + 自适应 CDP,0.04145736892095279,0.4585746771356245,1.0,0.06590294761230532,0.6129872179264636,1.0,0.7595019637006091,1
TEE,0.2068818999978248,0.06895766667245577,0.711273193359375,24,3.356530151538051,0.0,0.1185455322265625,0.04834747314453125,1.0,O(KP),0.35,0.55,0.95,0.9,真实运行：可信服务器聚合原型，无额外 DP 噪声,0.4004361909472214,0.4585746771356245,1.0,0.06590294761230532,0.6129872179264636,1.0,0.6152202694627107,2
HE,10.0475301000115,3.349173900001915,3.2003822326660156,24,3.5516007823701776,0.48828125,0.4741334915161133,0.04834747314453125,12.0,O(KP·C_enc),0.95,0.35,0.8,0.85,真实运行：轻量 Paillier 同态加和聚合原型,0.00824511090650608,0.10191653724070607,1.0,0.016477427011153237,0.6129872179264636,0.08333333333333333,0.5128697798077447,5
MPC,0.17798290000064299,0.059324899998803936,2.4894561767578125,48,3.5176711761180983,0.4140625,0.17781829833984375,0.04834747314453125,6.0,O(mKP),0.95,0.45,0.82,0.85,真实运行：三方加法秘密分享聚合原型,0.4654548274623779,0.13102133632446414,0.5,0.043935298408203545,0.6129872179264636,0.16666666666666666,0.5161207281986202,4
SPLIT,0.08284300001105294,0.027118400001199916,0.326171875,96,3.27109895627865,0.0078125,0.0078125,0.029636383056640625,4.0,O(KBE_cut),0.55,0.45,0.35,0.3,真实运行：批次级拆分学习原型，切分点位于第一层共享表示之后,1.0,1.0,0.25,1.0,1.0,0.25,0.5830000000000001,3
